"Metric","Estimate","Lower_95_CI","Upper_95_CI"
"sensitivity",0.8,0.283582063881911,0.994949236620532
"specificity",1,0.478176249895019,1
"ppv",1,0.397635364383525,1
"npv",0.833333333333333,0.358765421002325,0.995789255485511
"accuracy",0.9,0.554983882971805,0.997471421455538
"auc",1,1,1
